/*
 Navicat Premium Data Transfer

 Source Server         : MySql57
 Source Server Type    : MySQL
 Source Server Version : 50727
 Source Host           : localhost:3306
 Source Schema         : demo

 Target Server Type    : MySQL
 Target Server Version : 50727
 File Encoding         : 65001

 Date: 18/06/2024 10:46:03
*/

DROP DATABASE IF EXISTS `demo`;
CREATE DATABASE IF NOT EXISTS `demo`;

USE `demo`;

-- ----------------------------
-- Table structure for department
-- ----------------------------
DROP TABLE IF EXISTS `department`;
CREATE TABLE `department`  (
  `id` varchar(255) CHARACTER SET utf8 COLLATE utf8_general_ci NOT NULL COMMENT 'id',
  `departmentName` varchar(255) CHARACTER SET utf8 COLLATE utf8_general_ci NULL DEFAULT NULL COMMENT '所在部门/工作位置',
  `createTime` datetime(0) NULL DEFAULT CURRENT_TIMESTAMP(0) COMMENT '创建时间',
  `updateTime` datetime(0) NULL DEFAULT CURRENT_TIMESTAMP(0) ON UPDATE CURRENT_TIMESTAMP(0) COMMENT '更新时间',
  `isDelete` tinyint(1) NULL DEFAULT 0 COMMENT '逻辑删除（0-未删除，1-已删除）',
  PRIMARY KEY (`id`) USING BTREE
) ENGINE = InnoDB CHARACTER SET = utf8 COLLATE = utf8_general_ci ROW_FORMAT = Dynamic;

-- ----------------------------
-- Records of department
-- ----------------------------
INSERT INTO `department` VALUES ('1798992329179738113', '测试11', '2024-06-07 16:16:09', '2024-06-07 16:16:09', 0);
INSERT INTO `department` VALUES ('1798992370367803393', '测试12', '2024-06-07 16:16:19', '2024-06-07 16:16:19', 0);
INSERT INTO `department` VALUES ('1798992387421843457', '测试13', '2024-06-07 16:16:23', '2024-06-07 16:18:37', 1);

-- ----------------------------
-- Table structure for leaveinfo
-- ----------------------------
DROP TABLE IF EXISTS `leaveinfo`;
CREATE TABLE `leaveinfo`  (
  `id` varchar(20) CHARACTER SET utf8 COLLATE utf8_general_ci NOT NULL COMMENT 'id',
  `peopleId` varchar(20) CHARACTER SET utf8 COLLATE utf8_general_ci NOT NULL COMMENT '人员id',
  `roleId` varchar(255) CHARACTER SET utf8 COLLATE utf8_general_ci NULL DEFAULT NULL COMMENT '角色id',
  `leaveStatus` int(10) NULL DEFAULT NULL COMMENT '请假状态（0-请假、1-销假）',
  `time` datetime(0) NULL DEFAULT NULL COMMENT '时间',
  `createTime` datetime(0) NULL DEFAULT CURRENT_TIMESTAMP(0) COMMENT '创建时间',
  `updateTime` datetime(0) NULL DEFAULT CURRENT_TIMESTAMP(0) ON UPDATE CURRENT_TIMESTAMP(0) COMMENT '更新时间',
  `isDelete` tinyint(4) NULL DEFAULT 0 COMMENT '逻辑删除（0-未删除，1-已删除）',
  PRIMARY KEY (`id`) USING BTREE
) ENGINE = InnoDB CHARACTER SET = utf8 COLLATE = utf8_general_ci ROW_FORMAT = Dynamic;

-- ----------------------------
-- Records of leaveinfo
-- ----------------------------
INSERT INTO `leaveinfo` VALUES ('1792825035676254210', '1789230973794721794', NULL, 0, NULL, '2024-06-06 17:22:20', '2024-06-06 17:22:20', 0);
INSERT INTO `leaveinfo` VALUES ('1793873699446284289', '0', NULL, 0, NULL, '2024-06-06 17:22:20', '2024-06-06 17:22:20', 0);
INSERT INTO `leaveinfo` VALUES ('1793883401626411010', '0', NULL, 0, NULL, '2024-06-06 17:22:20', '2024-06-06 17:22:20', 0);
INSERT INTO `leaveinfo` VALUES ('1793884404199284737', '1', NULL, 0, NULL, '2024-06-06 17:22:20', '2024-06-06 17:22:20', 0);
INSERT INTO `leaveinfo` VALUES ('1798632729997795330', '0', NULL, 0, NULL, '2024-06-06 17:22:20', '2024-06-06 17:22:20', 0);
INSERT INTO `leaveinfo` VALUES ('1798632761543155713', '1793206238409494529', NULL, 0, NULL, '2024-06-06 17:22:20', '2024-06-06 17:22:20', 0);
INSERT INTO `leaveinfo` VALUES ('1798632811639922689', '1793205109256720385', NULL, 0, NULL, '2024-06-06 17:22:20', '2024-06-06 17:22:20', 0);
INSERT INTO `leaveinfo` VALUES ('1800423453139468289', '1798994686445694977', '3', 0, NULL, '2024-06-11 15:02:56', '2024-06-11 15:02:56', 0);
INSERT INTO `leaveinfo` VALUES ('1800425439041748993', '1798994686445694977', '1', 2, NULL, '2024-06-11 15:10:49', '2024-06-11 15:10:49', 0);
INSERT INTO `leaveinfo` VALUES ('1800425447082229762', '1798994686445694977', '3', 2, NULL, '2024-06-11 15:10:51', '2024-06-11 15:10:51', 0);
INSERT INTO `leaveinfo` VALUES ('1800425460793409537', '1798994686445694977', '3', 0, NULL, '2024-06-11 15:10:54', '2024-06-11 15:10:54', 0);
INSERT INTO `leaveinfo` VALUES ('1800697466721976322', '1798994686445694977', '1', 2, '2024-06-12 09:11:46', '2024-06-12 09:11:46', '2024-06-12 09:11:46', 0);
INSERT INTO `leaveinfo` VALUES ('1800697468911403010', '1798994686445694977', '3', 2, '2024-06-12 09:11:47', '2024-06-12 09:11:46', '2024-06-12 09:11:46', 0);
INSERT INTO `leaveinfo` VALUES ('1800697478394724354', '1798994686445694977', '3', 0, '2024-06-12 09:11:49', '2024-06-12 09:11:48', '2024-06-12 09:11:48', 0);
INSERT INTO `leaveinfo` VALUES ('1800717966248603649', '1798921685066887169', '1', 2, '2024-06-12 10:33:14', '2024-06-12 10:33:13', '2024-06-12 10:33:13', 0);
INSERT INTO `leaveinfo` VALUES ('1800724973064122369', '1800724936460431362', '1', 2, '2024-06-12 11:01:04', '2024-06-12 11:01:04', '2024-06-12 11:01:04', 0);
INSERT INTO `leaveinfo` VALUES ('1800739958829969410', '1798994686445694977', '1', 2, '2024-06-12 12:00:37', '2024-06-12 12:00:36', '2024-06-12 12:00:36', 0);
INSERT INTO `leaveinfo` VALUES ('1800739989251256321', '1798994686445694977', '3', 2, '2024-06-12 12:00:44', '2024-06-12 12:00:44', '2024-06-12 12:00:44', 0);
INSERT INTO `leaveinfo` VALUES ('1800740058016870401', '1798994686445694977', '2', 0, '2024-06-12 12:01:01', '2024-06-12 12:01:00', '2024-06-12 12:01:00', 0);
INSERT INTO `leaveinfo` VALUES ('1800740095920795650', '1798994686445694977', '2', 2, '2024-06-12 12:01:10', '2024-06-12 12:01:09', '2024-06-12 12:01:09', 0);
INSERT INTO `leaveinfo` VALUES ('1800807739382345729', '1800714102002774017', '2', 0, '2024-06-12 16:29:57', '2024-06-12 16:29:57', '2024-06-12 16:29:57', 0);

-- ----------------------------
-- Table structure for post
-- ----------------------------
DROP TABLE IF EXISTS `post`;
CREATE TABLE `post`  (
  `id` varchar(20) CHARACTER SET utf8 COLLATE utf8_general_ci NOT NULL COMMENT 'id',
  `postName` varchar(255) CHARACTER SET utf8 COLLATE utf8_general_ci NULL DEFAULT NULL COMMENT '职位/岗位/工种',
  `createTime` datetime(0) NULL DEFAULT CURRENT_TIMESTAMP(0) COMMENT '创建时间',
  `updateTime` datetime(0) NULL DEFAULT CURRENT_TIMESTAMP(0) ON UPDATE CURRENT_TIMESTAMP(0) COMMENT '更新时间',
  `isDelete` tinyint(1) NULL DEFAULT 0 COMMENT '逻辑删除（0-未删除，1-已删除）',
  PRIMARY KEY (`id`) USING BTREE
) ENGINE = InnoDB CHARACTER SET = utf8 COLLATE = utf8_general_ci ROW_FORMAT = Dynamic;

-- ----------------------------
-- Records of post
-- ----------------------------
INSERT INTO `post` VALUES ('1798991555234181121', '测试', '2024-06-07 16:13:05', '2024-06-07 16:13:05', 0);
INSERT INTO `post` VALUES ('1798991606253694977', '测试1', '2024-06-07 16:13:17', '2024-06-07 16:14:25', 1);
INSERT INTO `post` VALUES ('1798991989512417281', '测试2', '2024-06-07 16:14:48', '2024-06-07 16:14:48', 0);
INSERT INTO `post` VALUES ('1798992008365813761', '测试3', '2024-06-07 16:14:53', '2024-06-07 16:14:53', 0);

-- ----------------------------
-- Table structure for role
-- ----------------------------
DROP TABLE IF EXISTS `role`;
CREATE TABLE `role`  (
  `id` varchar(20) CHARACTER SET utf8 COLLATE utf8_general_ci NOT NULL COMMENT 'id',
  `roleName` varchar(255) CHARACTER SET utf8 COLLATE utf8_general_ci NULL DEFAULT NULL COMMENT '角色名称',
  `createTime` datetime(0) NULL DEFAULT CURRENT_TIMESTAMP(0) COMMENT '创建时间',
  `updateTime` datetime(0) NULL DEFAULT CURRENT_TIMESTAMP(0) ON UPDATE CURRENT_TIMESTAMP(0) COMMENT '更新时间',
  `isDelete` tinyint(4) NULL DEFAULT 0 COMMENT '逻辑删除（0-未删除，1-已删除）',
  PRIMARY KEY (`id`) USING BTREE
) ENGINE = InnoDB CHARACTER SET = utf8 COLLATE = utf8_general_ci ROW_FORMAT = Dynamic;

-- ----------------------------
-- Records of role
-- ----------------------------
INSERT INTO `role` VALUES ('1', '建设人员', '2024-06-06 17:22:55', '2024-06-06 17:22:55', 0);
INSERT INTO `role` VALUES ('1798977405661605889', '测试', '2024-06-07 15:16:51', '2024-06-07 15:23:03', 1);
INSERT INTO `role` VALUES ('2', '管理人员', '2024-06-06 17:22:55', '2024-06-06 17:22:55', 0);
INSERT INTO `role` VALUES ('3', '作业人员', '2024-06-06 17:22:55', '2024-06-06 17:22:55', 0);
INSERT INTO `role` VALUES ('4', '其他人员', '2024-06-06 17:22:55', '2024-06-06 17:22:55', 0);

-- ----------------------------
-- Table structure for user
-- ----------------------------
DROP TABLE IF EXISTS `user`;
CREATE TABLE `user`  (
  `id` varchar(20) CHARACTER SET utf8 COLLATE utf8_general_ci NOT NULL COMMENT 'id',
  `name` varchar(255) CHARACTER SET utf8 COLLATE utf8_general_ci NULL DEFAULT NULL COMMENT '姓名',
  `phone` varchar(255) CHARACTER SET utf8 COLLATE utf8_general_ci NULL DEFAULT NULL COMMENT '手机号',
  `idCard` varchar(255) CHARACTER SET utf8 COLLATE utf8_general_ci NULL DEFAULT NULL COMMENT '身份证',
  `createTime` datetime(0) NULL DEFAULT CURRENT_TIMESTAMP(0) COMMENT '创建时间',
  `updateTime` datetime(0) NULL DEFAULT CURRENT_TIMESTAMP(0) ON UPDATE CURRENT_TIMESTAMP(0) COMMENT '更新时间',
  `isDelete` tinyint(4) NULL DEFAULT 0 COMMENT '逻辑删除（0-未删除，1-已删除）',
  PRIMARY KEY (`id`) USING BTREE
) ENGINE = InnoDB CHARACTER SET = utf8 COLLATE = utf8_general_ci ROW_FORMAT = Dynamic;

-- ----------------------------
-- Records of user
-- ----------------------------
INSERT INTO `user` VALUES ('1789231575954223105', '11111111', '11111111', '11111111', '2024-06-06 17:21:55', '2024-06-07 13:13:59', 1);
INSERT INTO `user` VALUES ('1789232378861404162', '111', '11111111', '1111', '2024-06-06 17:21:55', '2024-06-12 10:15:47', 1);
INSERT INTO `user` VALUES ('1789864627424198658', 'adsadas', '1111', 'dada', '2024-06-06 17:21:55', '2024-06-11 17:37:44', 1);
INSERT INTO `user` VALUES ('1789889833131925506', 'adsadasd', '112121', 'asdasd', '2024-06-06 17:21:55', '2024-06-11 17:38:05', 1);
INSERT INTO `user` VALUES ('1793205109256720385', '小明', '12345678999', '1111111111111', '2024-06-06 17:21:55', '2024-06-11 17:38:56', 1);
INSERT INTO `user` VALUES ('1793205703765757954', '小王', '111111', '222222', '2024-06-06 17:21:55', '2024-06-12 10:15:48', 1);
INSERT INTO `user` VALUES ('1793206056548667394', '小白', '444444', '333333', '2024-06-06 17:21:55', '2024-06-12 10:15:49', 1);
INSERT INTO `user` VALUES ('1793206238409494529', '小红', '3939393', '202020202', '2024-06-06 17:21:55', '2024-06-12 10:15:49', 1);
INSERT INTO `user` VALUES ('1793561246636298241', 'adsadadaa1111sd', '11212111', 'asdasd', '2024-06-06 17:21:55', '2024-06-12 10:15:49', 1);
INSERT INTO `user` VALUES ('1793561503738744834', '1a11aa111aa1', '2222222222', 'aaaaaaaaaa', '2024-06-06 17:21:55', '2024-06-12 10:15:50', 1);
INSERT INTO `user` VALUES ('1793561513591164929', '1a11aa111aa1', '2222222222', 'aaaaaaaaaa', '2024-06-06 17:21:55', '2024-06-12 10:15:50', 1);
INSERT INTO `user` VALUES ('1798901298308423681', '马支史感', '18149813806', '74', '2024-06-07 10:14:26', '2024-06-12 10:15:53', 1);
INSERT INTO `user` VALUES ('1798903838899019778', '陈洋', '18176863567', '82486520240220841X', '2024-06-07 10:24:31', '2024-06-12 16:02:17', 1);
INSERT INTO `user` VALUES ('1798909772329230337', '陈霞', '13185615175', '702295184910313886', '2024-06-07 10:48:06', '2024-06-07 10:48:06', 0);
INSERT INTO `user` VALUES ('1798914287816241153', '傅秀兰', '18631732276', '10816019741230314X', '2024-06-07 11:06:03', '2024-06-07 11:06:03', 0);
INSERT INTO `user` VALUES ('1798914405885898753', '傅秀兰', '18631732276', '10816019741230314X', '2024-06-07 11:06:31', '2024-06-07 11:06:31', 0);
INSERT INTO `user` VALUES ('1798921685066887169', '傅秀兰', '18631732276', '10816019741230314X', '2024-06-07 11:35:27', '2024-06-07 11:35:27', 0);
INSERT INTO `user` VALUES ('1798922499718135810', '顾刚', '18175341841', '44033818080720187X', '2024-06-07 11:38:41', '2024-06-07 11:38:41', 0);
INSERT INTO `user` VALUES ('1798926746681622530', '龙娜', '18133098357', '402697183405212172', '2024-06-07 11:55:33', '2024-06-07 11:55:33', 0);
INSERT INTO `user` VALUES ('1798926990240768001', '邹静', '19834818978', '27586819830431928x', '2024-06-07 11:56:32', '2024-06-07 13:50:01', 1);
INSERT INTO `user` VALUES ('1798994686445694977', '啊啊啊啊啊', '111111111', '111111111111111111', '2024-06-07 16:25:31', '2024-06-07 16:25:31', 0);
INSERT INTO `user` VALUES ('1800426894700118017', '石静', '18161186536', '44842518380124263x', '2024-06-11 15:16:36', '2024-06-11 16:58:44', 0);
INSERT INTO `user` VALUES ('1800427157443903489', '谭军', '18145756224', '32664318441224444X', '2024-06-11 15:17:39', '2024-06-11 15:17:39', 0);
INSERT INTO `user` VALUES ('1800427355398275073', '石超', '18123391150', '30371018080221059X', '2024-06-11 15:18:26', '2024-06-11 15:18:26', 0);
INSERT INTO `user` VALUES ('1800714102002774017', '邹静1', '19834818978', '27586819830431928x', '2024-06-12 10:17:52', '2024-06-12 10:17:52', 0);
INSERT INTO `user` VALUES ('1800714121447567362', '邹静2', '19834818978', '27586819830431928x', '2024-06-12 10:17:56', '2024-06-12 10:17:56', 0);
INSERT INTO `user` VALUES ('1800714135263604738', '邹静3', '19834818978', '27586819830431928x', '2024-06-12 10:18:00', '2024-06-12 10:18:00', 0);
INSERT INTO `user` VALUES ('1800714150501511169', '邹静4', '19834818978', '27586819830431928x', '2024-06-12 10:18:03', '2024-06-12 10:18:03', 0);
INSERT INTO `user` VALUES ('1800714168214056962', '邹静5', '19834818978', '27586819830431928x', '2024-06-12 10:18:08', '2024-06-12 10:18:08', 0);
INSERT INTO `user` VALUES ('1800714185486200834', '邹静6', '19834818978', '27586819830431928x', '2024-06-12 10:18:12', '2024-06-12 10:18:12', 0);
INSERT INTO `user` VALUES ('1800714201374224386', '邹静7', '19834818978', '27586819830431928x', '2024-06-12 10:18:15', '2024-06-12 10:18:15', 0);
INSERT INTO `user` VALUES ('1800714216389832705', '邹静8', '19834818978', '27586819830431928x', '2024-06-12 10:18:19', '2024-06-12 10:18:19', 0);
INSERT INTO `user` VALUES ('1800714233678753794', '邹静9', '19834818978', '27586819830431928x', '2024-06-12 10:18:23', '2024-06-12 10:18:23', 0);
INSERT INTO `user` VALUES ('1800724936460431362', '姓名校验', '18706579002', '37078620011216631X', '2024-06-12 11:00:55', '2024-06-12 11:00:55', 0);

-- ----------------------------
-- Table structure for user_work
-- ----------------------------
DROP TABLE IF EXISTS `user_work`;
CREATE TABLE `user_work`  (
  `id` varchar(20) CHARACTER SET utf8 COLLATE utf8_general_ci NOT NULL COMMENT 'id',
  `userId` varchar(20) CHARACTER SET utf8 COLLATE utf8_general_ci NULL DEFAULT NULL COMMENT '用户id',
  `roleId` varchar(255) CHARACTER SET utf8 COLLATE utf8_general_ci NULL DEFAULT NULL COMMENT '角色id',
  `departmentId` varchar(255) CHARACTER SET utf8 COLLATE utf8_general_ci NULL DEFAULT NULL COMMENT '所在部门id/工作位置id',
  `postId` varchar(255) CHARACTER SET utf8 COLLATE utf8_general_ci NULL DEFAULT NULL COMMENT '职位id/岗位id/工种id',
  `status` tinyint(4) NULL DEFAULT 0 COMMENT '请假状态（0-未请假，1-待审批，2-请假中）',
  `createTime` datetime(0) NULL DEFAULT CURRENT_TIMESTAMP(0) COMMENT '创建时间',
  `updateTime` datetime(0) NULL DEFAULT CURRENT_TIMESTAMP(0) ON UPDATE CURRENT_TIMESTAMP(0) COMMENT '更新时间',
  `isDelete` tinyint(4) NULL DEFAULT 0 COMMENT '逻辑删除（0-未删除，1-已删除）',
  PRIMARY KEY (`id`) USING BTREE
) ENGINE = InnoDB CHARACTER SET = utf8 COLLATE = utf8_general_ci ROW_FORMAT = Dynamic;

-- ----------------------------
-- Records of user_work
-- ----------------------------
INSERT INTO `user_work` VALUES ('1794933411080044546', '1', '1', '1', '1', 0, '2024-06-06 17:23:21', '2024-06-11 16:35:04', 1);
INSERT INTO `user_work` VALUES ('1794935772636774401', '1', '2', '2', '2', 0, '2024-06-06 17:23:21', '2024-06-07 17:22:08', 1);
INSERT INTO `user_work` VALUES ('1798921686622973953', '1798921685066887169', '4', '5', '6', 0, '2024-06-07 11:35:27', '2024-06-07 11:36:11', 0);
INSERT INTO `user_work` VALUES ('1798921686622973954', '1798921685066887169', '1', '2', '3', 0, '2024-06-07 11:35:27', '2024-06-12 10:33:13', 0);
INSERT INTO `user_work` VALUES ('1798922501177753602', '1798922499718135810', '7', '5', '4', 0, '2024-06-07 11:38:41', '2024-06-07 11:40:55', 0);
INSERT INTO `user_work` VALUES ('1798926746815840258', '1798926746681622530', '5', '7', '7', 0, '2024-06-07 11:55:33', '2024-06-07 11:55:33', 0);
INSERT INTO `user_work` VALUES ('1798926992178536449', '1798926990240768001', '6', '3', '9', 0, '2024-06-07 11:56:32', '2024-06-07 11:56:32', 0);
INSERT INTO `user_work` VALUES ('1798994686575718401', '1798994686445694977', '2', '1798992329179738113', '1798991989512417281', 0, '2024-06-11 11:32:40', '2024-06-12 16:02:01', 0);
INSERT INTO `user_work` VALUES ('1798994686575718402', '1798994686445694977', '1', '1798992329179738113', '1798991989512417281', 2, '2024-06-07 16:25:31', '2024-06-12 16:02:11', 0);
INSERT INTO `user_work` VALUES ('1798994686575718403', '1798994686445694977', '3', '1798992329179738113', '1798991989512417281', 1, '2024-06-11 11:35:52', '2024-06-12 16:34:50', 1);
INSERT INTO `user_work` VALUES ('1800426895165685762', '1800426894700118017', '3', '1798992329179738113', '1798991555234181121', 1, '2024-06-11 15:16:36', '2024-06-12 16:34:49', 0);
INSERT INTO `user_work` VALUES ('1800427157443903490', '1800427157443903489', '1', '1798992329179738113', '1798991555234181121', 1, '2024-06-11 15:17:39', '2024-06-12 16:34:48', 0);
INSERT INTO `user_work` VALUES ('1800427355398275074', '1800427355398275073', '1', '1798992329179738113', '1798991555234181121', 1, '2024-06-11 15:18:26', '2024-06-12 16:34:47', 0);
INSERT INTO `user_work` VALUES ('1800427355398275075', '1800427355398275073', '2', '1798992370367803393', '1798992008365813761', 1, '2024-06-11 15:18:26', '2024-06-12 16:34:46', 0);
INSERT INTO `user_work` VALUES ('1800455692107747329', NULL, '1', '1798992329179738113', '1798991555234181121', 1, '2024-06-11 17:11:02', '2024-06-12 16:34:46', 0);
INSERT INTO `user_work` VALUES ('1800456079095205889', NULL, '1', '1798992329179738113', '1798991555234181121', 1, '2024-06-11 17:12:34', '2024-06-12 16:34:45', 0);
INSERT INTO `user_work` VALUES ('1800456513784483842', NULL, '1', '1798992329179738113', '1798991555234181121', 1, '2024-06-11 17:14:18', '2024-06-12 16:34:44', 0);
INSERT INTO `user_work` VALUES ('1800461543866470401', NULL, '1', '1798992329179738113', '1798991555234181121', 1, '2024-06-11 17:34:17', '2024-06-12 16:34:43', 0);
INSERT INTO `user_work` VALUES ('1800461968774606848', '1789232378861404162', '2', '1798992329179738113', '1798992329179738113', 1, '2024-06-12 09:03:09', '2024-06-12 16:34:42', 0);
INSERT INTO `user_work` VALUES ('1800461968774606849', '1789232378861404162', '1', '1798992329179738113', '1798992329179738113', 1, '2024-06-11 17:35:58', '2024-06-12 16:34:41', 0);
INSERT INTO `user_work` VALUES ('1800714102103437313', '1800714102002774017', '1', '1798992329179738113', '1798992008365813761', 1, '2024-06-12 10:17:52', '2024-06-12 15:56:15', 0);
INSERT INTO `user_work` VALUES ('1800714102162157569', '1800714102002774017', '2', '1798992370367803393', '1798991989512417281', 2, '2024-06-12 10:17:52', '2024-06-12 16:29:57', 0);
INSERT INTO `user_work` VALUES ('1800714121447567363', '1800714121447567362', '1', '1798992329179738113', '1798992008365813761', 1, '2024-06-12 10:17:56', '2024-06-12 16:34:41', 0);
INSERT INTO `user_work` VALUES ('1800714121447567364', '1800714121447567362', '2', '1798992370367803393', '1798991989512417281', 1, '2024-06-12 10:17:56', '2024-06-12 16:34:39', 0);
INSERT INTO `user_work` VALUES ('1800714135263604739', '1800714135263604738', '1', '1798992329179738113', '1798991606253694977', 1, '2024-06-12 10:18:00', '2024-06-12 15:37:21', 0);
INSERT INTO `user_work` VALUES ('1800714135263604740', '1800714135263604738', '2', '1798992370367803393', '1798991989512417281', 1, '2024-06-12 10:18:00', '2024-06-12 15:37:22', 0);
INSERT INTO `user_work` VALUES ('1800714150501511170', '1800714150501511169', '1', '1798992329179738113', '1798991606253694977', 1, '2024-06-12 10:18:03', '2024-06-12 15:37:19', 0);
INSERT INTO `user_work` VALUES ('1800714150501511171', '1800714150501511169', '2', '1798992370367803393', '1798991989512417281', 1, '2024-06-12 10:18:03', '2024-06-12 15:37:20', 0);
INSERT INTO `user_work` VALUES ('1800714168276971522', '1800714168214056962', '1', '1798992329179738113', '1798991606253694977', 1, '2024-06-12 10:18:08', '2024-06-12 15:37:18', 0);
INSERT INTO `user_work` VALUES ('1800714168276971523', '1800714168214056962', '2', '1798992370367803393', '1798991989512417281', 1, '2024-06-12 10:18:08', '2024-06-12 15:37:17', 0);
INSERT INTO `user_work` VALUES ('1800714185486200835', '1800714185486200834', '1', '1798992329179738113', '1798991606253694977', 1, '2024-06-12 10:18:12', '2024-06-12 15:37:16', 0);
INSERT INTO `user_work` VALUES ('1800714185486200836', '1800714185486200834', '2', '1798992370367803393', '1798991989512417281', 1, '2024-06-12 10:18:12', '2024-06-12 15:37:15', 0);
INSERT INTO `user_work` VALUES ('1800714201374224387', '1800714201374224386', '1', '1798992329179738113', '1798991606253694977', 1, '2024-06-12 10:18:15', '2024-06-12 15:37:14', 0);
INSERT INTO `user_work` VALUES ('1800714201374224388', '1800714201374224386', '2', '1798992370367803393', '1798991989512417281', 1, '2024-06-12 10:18:15', '2024-06-12 15:37:12', 0);
INSERT INTO `user_work` VALUES ('1800714216389832706', '1800714216389832705', '1', '1798992329179738113', '1798991606253694977', 1, '2024-06-12 10:18:19', '2024-06-12 15:37:12', 0);
INSERT INTO `user_work` VALUES ('1800714216389832707', '1800714216389832705', '2', '1798992370367803393', '1798991989512417281', 1, '2024-06-12 10:18:19', '2024-06-12 15:37:11', 0);
INSERT INTO `user_work` VALUES ('1800714233745862658', '1800714233678753794', '1', '1798992329179738113', '1798991606253694977', 2, '2024-06-12 10:18:23', '2024-06-12 15:15:18', 0);
INSERT INTO `user_work` VALUES ('1800714233745862659', '1800714233678753794', '2', '1798992370367803393', '1798991989512417281', 2, '2024-06-12 10:18:23', '2024-06-12 15:15:15', 0);
INSERT INTO `user_work` VALUES ('1800724936523345922', '1800724936460431362', '1', '1798992370367803393', '1798992008365813761', 2, '2024-06-12 11:00:55', '2024-06-12 11:02:07', 0);

SET FOREIGN_KEY_CHECKS = 1;
